0.58490566;0.119402985
0.41509434;0.082089552
0.339622642;0.044776119
0.283018868;0.044776119
0.283018868;0.044776119
0.132075472;0.02238806
0.132075472;0.02238806
0.566037736;0.082089552
0.830188679;0.194029851
0.433962264;0.097014925
0.264150943;0.007462687
0.358490566;0.074626866
0.547169811;0.104477612
0.471698113;0.082089552
0.377358491;0.082089552
0.41509434;0.082089552
0.641509434;0.097014925
0.660377358;0.141791045
0.735849057;0.044776119
0.641509434;0.134328358
0.566037736;0.126865672
0.660377358;0.082089552
0.471698113;0.082089552
0.150943396;0.02238806
0.849056604;0.156716418
0.490566038;0.082089552
0.471698113;0.082089552
0.169811321;0
0.754716981;0.156716418
0.735849057;0.156716418
0.509433962;0.104477612
0.320754717;0.044776119
0.169811321;0.02238806
0.509433962;0.104477612
0.554154717;0.118862157
0.607386792;0.124589821
0.573132075;0.125964649
0.425369811;0.090702993
0.407930189;0.081117843
0.493333962;0.096757619
0.279281132;0.043624291
0.275679245;0.028716664
0.230301887;0.036715187
0.2584;0.030503791
0.274698113;0.04165044
0.283018868;0.044776119
0.449103774;0.044776119
0.200398113;0.024923634
0.215469811;0.02310494
0.225433962;0.017347448
0.132075472;0.02238806
0.189901887;0.042102955
0.133956604;0.02238806
0.147190566;0.02238806
0.132075472;0.02238806
0.534458491;0.088734052
0.514201887;0.088306187
0.537418868;0.082089552
0.816564151;0.187359015
0.763381132;0.183664993
0.727628302;0.148167284
0.576428302;0.097014925
0.495584906;0.094019351
0.460877358;0.097014925
0.258292453;0.018301381
0.244454717;0.021568687
0.216166038;0.017890881
0.416292453;0.080171127
0.449860377;0.079559664
0.397811321;0.074923836
0.490909434;0.08423856
0.577316981;0.109698216
0.526101887;0.092852933
0.400032075;0.080887799
0.471698113;0.082089552
0.398873585;0.081583575
0.303515094;0.078477813
0.359788679;0.057131507
0.369867925;0.080893172
0.491630189;0.093946821
0.571235849;0.082089552
0.454730189;0.101711746
0.572356604;0.092964373
0.62555283;0.088579881
0.577024528;0.099486358
0.729564151;0.148830948
0.600930189;0.140226724
0.617184906;0.135417291
0.360045283;0.032574664
0.254624528;0.040386575
0.694845283;0.060632216
0.648916981;0.154347694
0.677832075;0.149022343
0.598745283;0.124630575
0.470883019;0.119311493
0.58369434;0.11948097
0.547726415;0.113182485
0.545950943;0.079474724
0.373228302;0.079132888
0.600820755;0.079087799
0.471698113;0.082089552
0.470686792;0.079671985
0.554320755;0.082089552
0.264749057;0.025131455
0.145533962;0.02238806
0.15259434;0.02238806
0.751498113;0.152306104
0.706441509;0.151456507
0.767232075;0.151181881
0.501126415;0.082089552
0.424630189;0.081680843
0.504907547;0.090103866
0.491992453;0.082089552
0.471698113;0.082089552
0.471698113;0.082089552
0.233615094;0.006344306
0.152611321;0.00277256
0.150422642;0.010025843
0.599175472;0.129156858
0.817667925;0.156716418
0.706896226;0.146427978
0.736109434;0.156716418
0.697277358;0.144217328
0.657820755;0.153826246
0.492075472;0.088995373
0.484018868;0.090460813
0.503190566;0.090666291
0.198926415;0.038722142
0.290420755;0.044776119
0.28694717;0.044776119
0.165603774;0.02238806
0.166788679;0.02238806
0.133701887;0.02238806
0.505332075;0.095018657
0.572432075;0.112850187
0.474811321;0.08326647
0.572377358;0.119383388
0.418881132;0.081947522
0.271409434;0.03768844
0.254311321;0.040124157
0.283516981;0.044776119
0.187379245;0.019085582
0.159216981;0.022128731
0.519901887;0.080713425
0.790435849;0.18059497
0.447049057;0.091463127
0.263828302;0.008975918
0.383413208;0.074822493
0.547373585;0.109382612
0.471698113;0.082089552
0.451209434;0.082089552
0.45510566;0.082089552
0.638601887;0.093676082
0.681581132;0.147990373
0.717109434;0.033839784
0.627841509;0.127085209
0.569228302;0.126624291
0.635018868;0.082089552
0.497490566;0.082089552
0.170518868;0.02243494
0.84289434;0.155933224
0.490809434;0.0826865
0.479609434;0.086805142
0.20115283;0.005188769
0.746035849;0.156716418
0.725730189;0.156648216
0.512932075;0.100853
0.293435849;0.042249709
0.151445283;0.02238806
0.507339623;0.097450261
0.577996226;0.119271194
0.604384906;0.12459144
0.599016981;0.12885044
0.479666038;0.092820784
0.411041509;0.080626276
0.514077358;0.096128828
0.260464151;0.039075127
0.2804;0.0298055
0.268639623;0.037383955
0.199581132;0.025075373
0.276350943;0.041750657
0.279986792;0.044166082
0.345879245;0.044776119
0.206730189;0.023329627
0.182171698;0.022910388
0.219813208;0.020196142
0.132075472;0.02238806
0.282049057;0.043363813
0.206011321;0.022035858
0.138539623;0.02238806
0.132075472;0.02238806
0.451775472;0.090357649
0.542364151;0.08566447
0.532256604;0.082089552
0.790750943;0.167247321
0.756835849;0.166155112
0.63634717;0.146157806
0.637333962;0.097014925
0.495311321;0.094856142
0.469649057;0.094718448
0.15775283;0.019920493
0.22260566;0.021898269
0.177854717;0.018918261
0.416135849;0.080628694
0.427067925;0.075410634
0.410196226;0.075566828
0.47190566;0.083383769
0.577981132;0.116174201
0.478460377;0.094082769
0.454201887;0.081311313
0.497290566;0.082089552
0.41945283;0.079954806
0.397067925;0.078793313
0.340337736;0.052708612
0.387571698;0.085258664
0.533701887;0.091167634
0.554754717;0.082089552
0.58105283;0.097718806
0.635392453;0.093466
0.598222642;0.090543351
0.470635849;0.09766097
0.708018868;0.148608799
0.647764151;0.143247388
0.616960377;0.136387657
0.300933962;0.027287784
0.618733962;0.043000172
0.492354717;0.046631545
0.762569811;0.155830716
0.700969811;0.153768866
0.588816981;0.123216978
0.532654717;0.11817594
0.584779245;0.119428485
0.549767925;0.118485903
0.530556604;0.079484306
0.562698113;0.081555575
0.578990566;0.079848299
0.474298113;0.082749761
0.471615094;0.081962463
0.515713208;0.082089552
0.256388679;0.026431299
0.141369811;0.02238806
0.138433962;0.02238806
0.744809434;0.15159347
0.760990566;0.153876754
0.763596226;0.150816791
0.510641509;0.082089552
0.479560377;0.083326522
0.504641509;0.09322356
0.487558491;0.082089552
0.591443396;0.084172037
0.471698113;0.082089552
0.23399434;0.01656847
0.165545283;0.000759739
0.158911321;0.016929828
0.585528302;0.122169403
0.73939434;0.156716418
0.766803774;0.146820619
0.715362264;0.15621653
0.702045283;0.145097381
0.673037736;0.15107094
0.48539434;0.087048201
0.48699434;0.09190044
0.545932075;0.089189881
0.233937736;0.039673537
0.247018868;0.042939873
0.2895;0.044776119
0.161037736;0.02238806
0.153981132;0.02238806
0.142813208;0.02238806
0.509107547;0.099177821
0.514239623;0.110328187
0.544720755;0.083945351
0.320754717;0.186567164
0.132075472;0.126865672
0.660377358;0.28358209
0.320754717;0.104477612
0.094339623;0.119402985
0.358490566;0.104477612
0.622641509;0.186567164
0.509433962;0.21641791
0.377358491;0.126865672
0.603773585;0.156716418
0.471698113;0.201492537
0.377358491;0.156716418
0.754716981;0.21641791
0.283018868;0.082089552
0.471698113;0.194029851
0.283018868;0.097014925
0.566037736;0.276119403
0.433962264;0.231343284
0.603773585;0.276119403
0.377358491;0.171641791
0.20754717;0.074626866
0.283018868;0.067164179
0.377358491;0.208955224
0.433962264;0.156716418
0.396226415;0.186567164
0.396226415;0.171641791
0.679245283;0.305970149
0.698113208;0.246268657
0.566037736;0.246268657
0.396226415;0.156716418
0.188679245;0.082089552
0.301886792;0.115671642
0.094339623;0.037313433
0.358490566;0.097014925
0.339622642;0.119402985
0.283018868;0.119402985
0.433962264;0.171641791
0.471698113;0.231343284
0.358490566;0.194029851
0.377358491;0.208955224
0.188679245;0.074626866
0.377358491;0.141791045
0.41509434;0.171641791
0.433962264;0.119402985
0.396226415;0.134328358
0.660377358;0.156716418
0.377358491;0.156716418
0.754716981;0.194029851
0.377358491;0.156716418
0.339622642;0.141791045
0.377358491;0.145522388
0.754716981;0.328358209
0.377358491;0.194029851
0.301886792;0.186567164
0.283018868;0.134328358
0.283018868;0.067164179
0.471698113;0.231343284
0.396226415;0.156716418
0.509433962;0.231343284
0.452830189;0.179104478
0.471698113;0.204477612
0.188679245;0.134328358
0.377358491;0.141791045
0.226415094;0.119402985
0.226415094;0.119402985
0.566037736;0.268656716
0.245283019;0.141791045
0.20754717;0.089552239
0.094339623;0.074626866
0.301886792;0.171641791
0.566037736;0.134328358
0.320754717;0.104477612
0.396226415;0.208955224
0.41509434;0.21641791
0.377358491;0.164179104
0.509433962;0.231343284
0.245283019;0.104477612
0.320754717;0.141791045
0.377358491;0.126865672
0.377358491;0.201492537
0.641509434;0.246268657
0.58490566;0.268656716
0.471698113;0.21641791
0.79245283;0.201492537
0.20754717;0.089552239
0.283018868;0.164179104
0.622641509;0.291044776
0.320754717;0.149253731
0.433962264;0.179104478
0.150943396;0.044776119
0.41509434;0.156716418
0.716981132;0.246268657
0.339622642;0.156716418
0.830188679;0.268656716
0.547169811;0.246268657
0.283018868;0.141791045
0.377358491;0.149253731
0.547169811;0.186567164
0.358490566;0.155223881
0.226415094;0.067164179
0.735849057;0.335820896
0.867924528;0.335820896
0.245283019;0.067164179
0.433962264;0.208955224
0.339622642;0.171641791
0.283018868;0.126865672
0.622641509;0.21641791
0.566037736;0.26119403
0.396226415;0.156716418
0.716981132;0.23880597
0.566037736;0.253731343
0.452830189;0.194029851
0.452830189;0.194029851
0.339622642;0.089552239
0.660377358;0.171641791
0.377358491;0.104477612
0.433962264;0.231343284
0.283018868;0.179104478
0.094339623;0.024626866
0.509433962;0.205223881
0.301886792;0.179104478
0.283018868;0.082089552
0.320754717;0.141791045
0.339622642;0.201492537
0.264150943;0.082089552
0.264150943;0.074626866
0.452830189;0.231343284
0.396226415;0.149253731
0.358490566;0.104477612
0.320754717;0.104477612
0.471698113;0.186567164
0.339622642;0.194029851
0.339622642;0.186567164
0.169811321;0.074626866
0.226415094;0.156716418
0.320754717;0.097014925
0.509433962;0.246268657
0.264150943;0.059701493
0.358490566;0.126865672
0.547169811;0.231343284
0.79245283;0.208955224
0.41509434;0.156716418
0.509433962;0.201492537
0.094339623;0.082089552
0.471698113;0.156716418
0.490566038;0.23880597
0.301886792;0.164179104
0.094339623;0.082089552
0.698113208;0.208955224
0.226415094;0.134328358
0.566037736;0.171641791
0.471698113;0.119402985
0.320754717;0.119402985
0.452830189;0.156716418
0.603773585;0.231343284
0.283018868;0.164179104
0.283018868;0.141791045
0.20754717;0.089552239
0.811320755;0.298507463
0.698113208;0.23880597
0.471698113;0.194029851
0.698113208;0.268656716
0.396226415;0.141791045
0.150943396;0.104477612
0.660377358;0.305970149
0.471698113;0.231343284
0.509433962;0.119402985
0.226415094;0.074626866
0.20754717;0.156716418
0.264150943;0.067164179
0.660377358;0.268656716
0.396226415;0.141791045
0.509433962;0.171641791
0.283018868;0.134328358
0.396226415;0.126865672
0.377358491;0.179104478
0.471698113;0.246268657
0.566037736;0.268656716
0.566037736;0.231343284
0.20754717;0.044776119
0.41509434;0.208955224
0.566037736;0.268656716
0.660377358;0.246268657
0.188679245;0.141791045
0.471698113;0.121641791
0.547169811;0.26119403
0.547169811;0.126865672
0.754716981;0.268656716
0.471698113;0.126865672
0.471698113;0.194029851
0.622641509;0.189552239
0.660377358;0.246268657
0.283018868;0.082089552
0.377358491;0.201492537
0.471698113;0.119402985
0.169811321;0.059701493
0.698113208;0.305970149
0.566037736;0.231343284
0.377358491;0.156716418
0.283018868;0.104477612
0.283018868;0.089552239
0.283018868;0.149253731
0.471698113;0.126865672
0.20754717;0.067164179
0.79245283;0.268656716
0.660377358;0.305970149
0.471698113;0.21641791
0.660377358;0.156716418
0.320754717;0.141791045
0.169811321;0.126865672
0.58490566;0.231343284
0.245283019;0.156716418
0.58490566;0.21641791
0.528301887;0.231343284
0.471698113;0.231343284
0.660377358;0.268656716
0.283018868;0.126865672
0.283018868;0.156716418
0.188679245;0.044776119
0.264150943;0.104477612
0.58490566;0.22761194
0.150943396;0.119402985
0.188679245;0.149253731
0.396226415;0.156716418
0.377358491;0.156716418
0.716981132;0.320895522
0.622641509;0.253731343
0.58490566;0.205223881
0.679245283;0.298507463
0.188679245;0.119402985
0.716981132;0.201492537
0.754716981;0.343283582
0.490566038;0.246268657
0.566037736;0.141791045
0.301886792;0.110447761
0.566037736;0.231343284
0.41509434;0.156716418
0.471698113;0.223880597
0.849056604;0.305970149
0.283018868;0.119402985
0.660377358;0.231343284
0.358490566;0.149253731
0.830188679;0.358208955
0.20754717;0.119402985
0.283018868;0.126865672
0.41509434;0.186567164
0.283018868;0.156716418
0.188679245;0.126865672
0.188679245;0.082089552
0.509433962;0.194029851
0.471698113;0.156716418
0.113207547;0.044776119
0.716981132;0.320895522
0.339622642;0.179104478
0.490566038;0.23880597
0.471698113;0.194029851
0.566037736;0.223880597
0.320754717;0.082089552
0.433962264;0.21641791
0.754716981;0.201492537
0.264150943;0.156716418
0.094339623;0.044776119
0.452830189;0.156716418
0.320754717;0.119402985
0.660377358;0.21641791
0.905660377;0.350746269
0.283018868;0.089552239
0.547169811;0.268656716
0.547169811;0.268656716
0.20754717;0.093283582
0.339622642;0.089552239
0.622641509;0.186567164
0.358490566;0.126865672
0.452830189;0.194029851
0.245283019;0.082089552
0.226415094;0.082089552
0.547169811;0.186567164
0.245283019;0.108208955
0.660377358;0.253731343
0.566037736;0.268656716
0.811320755;0.335820896
0.20754717;0.082089552
0.396226415;0.21641791
0.660377358;0.194029851
0.41509434;0.201492537
0.660377358;0.156716418
0.20754717;0.044776119
0.754716981;0.492537313
0.660377358;0.447761194
0.150943396;0.291044776
0.452830189;0.358208955
0.283018868;0.320895522
0.377358491;0.417910448
0.377358491;0.380597015
0.41509434;0.347014925
0.20754717;0.305970149
0.566037736;0.417910448
0.377358491;0.365671642
0.377358491;0.350746269
0.603773585;0.52238806
0.283018868;0.305970149
0.547169811;0.406716418
0.339622642;0.305970149
0.41509434;0.380597015
0.547169811;0.410447761
0.622641509;0.425373134
0.622641509;0.440298507
0.622641509;0.492537313
0.283018868;0.328358209
0.339622642;0.328358209
0.169811321;0.305970149
0.452830189;0.380597015
0.283018868;0.291044776
0.566037736;0.455223881
0.339622642;0.320895522
0.754716981;0.567164179
0.41509434;0.388059701
0.698113208;0.507462687
0.641509434;0.492537313
0.773584906;0.529850746
0.377358491;0.320895522
0.547169811;0.492537313
1;0.641791045
0.20754717;0.305970149
0.471698113;0.440298507
0.094339623;0.268656716
0.622641509;0.514925373
0.716981132;0.552238806
0.471698113;0.380597015
0.320754717;0.373134328
0.377358491;0.343283582
0.490566038;0.455223881
0.283018868;0.328358209
0.735849057;0.485074627
0.60839434;0.492537313
0.730409434;0.497852381
0.6309;0.476660485
0.646239623;0.468508201
0.201092453;0.292786127
0.255749057;0.308591515
0.224969811;0.319606627
0.252722642;0.320420881
0.323081132;0.320895522
0.298867925;0.325402866
0.534790566;0.439640784
0.377358491;0.369196709
0.377456604;0.360242925
0.366341509;0.338361239
0.206601887;0.28558306
0.536296226;0.417910448
0.614745283;0.438903157
0.35929434;0.360777284
0.377358491;0.321916567
0.572303774;0.51491653
0.194388679;0.289143134
0.484009434;0.384328769
0.208769811;0.305970149
0.421418868;0.380597015
0.396837736;0.411859455
0.634562264;0.443636649
0.580549057;0.42061041
0.49464717;0.445522172
0.622641509;0.461549478
0.283018868;0.321196403
0.303433962;0.32487309
0.406035849;0.329486194
0.173815094;0.305970149
0.109183019;0.302907313
0.398028302;0.380597015
0.194579245;0.291044776
0.626324528;0.476944873
0.566037736;0.432389963
0.312932075;0.310562127
0.647883019;0.497425649
0.763735849;0.565483881
0.444590566;0.380840828
0.483666038;0.405588381
0.644179245;0.493567709
0.573049057;0.503667239
0.623590566;0.479026358
0.697862264;0.500287075
0.643724528;0.52209403
0.699867925;0.520462724
0.33549434;0.320895522
0.343618868;0.320895522
0.610554717;0.492543201
0.906445283;0.593735142
0.938501887;0.581291828
0.303522642;0.305970149
0.119249057;0.271721246
0.544273585;0.434219955
0.222481132;0.27708794
0.259520755;0.277060537
0.698839623;0.517873172
0.645733962;0.516749097
0.711264151;0.520533597
0.415203774;0.352557306
0.357326415;0.390052888
0.439464151;0.380534858
0.30060566;0.339501164
0.453654717;0.428110276
0.472007547;0.449288769
0.284415094;0.322759933
0.663864151;0.490611299
0.744813208;0.49272991
0.682267925;0.500314493
0.636832075;0.459884724
0.639828302;0.455718418
0.157290566;0.291271515
0.246901887;0.30383203
0.37054717;0.355521351
0.365633962;0.320736888
0.347815094;0.323988634
0.292250943;0.320895522
0.386718868;0.416347604
0.475445283;0.417910448
0.377358491;0.374173201
0.392443396;0.380597015
0.348467925;0.32558209
0.336166038;0.339537164
0.203411321;0.30344547
0.207922642;0.305970149
0.566762264;0.420330463
0.571850943;0.419918575
0.377358491;0.366616
0.377381132;0.363254881
0.377358491;0.347637948
0.348739623;0.349282157
0.604011321;0.519423246
0.581488679;0.520312634
0.273896226;0.286229433
0.222181132;0.302191239
0.477028302;0.407748642
0.538979245;0.406188097
0.337754717;0.305970149
0.31204717;0.305970149
0.418311321;0.380597015
0.427537736;0.380550836
0.47169434;0.422122597
0.514688679;0.411150627
0.41635283;0.38489503
0.64149434;0.44046094
0.601573585;0.436192112
0.586807547;0.439024955
0.622641509;0.472133993
0.679650943;0.494435478
0.298998113;0.328020866
0.340296226;0.329112687
0.336339623;0.328118933
0.293701887;0.324405784
0.222590566;0.313857097
0.185666038;0.305970149
0.437462264;0.380597015
0.449879245;0.380597015
0.239839623;0.291044776
0.258020755;0.299321112
0.491728302;0.454181
0.512045283;0.450974716
0.32899434;0.320895522
0.326013208;0.320895522
0.764967925;0.551308082
0.766632075;0.590923858
0.43720566;0.385610978
0.514875472;0.402606373
0.659256604;0.503946351
0.697877358;0.50036206
0.641833962;0.492852194
0.629777358;0.492539373
0.630011321;0.523937418
0.743807547;0.523847231
0.342758491;0.320895522
0.376515094;0.32331309
0.574926415;0.492542582
0.589650943;0.492538037
0.929669811;0.61685059
0.991816981;0.609723396
0.257171698;0.305970149
0.280090566;0.305970149
0.477543396;0.442512321
0.484898113;0.45182609
0.144286792;0.269778694
0.0981;0.280917493
0.63094717;0.518008351
0.646579245;0.516451843
0.686890566;0.525459866
0.640416981;0.52686159
0.446988679;0.380627209
0.47784717;0.391788679
0.407166038;0.378646239
0.408886792;0.373493664
0.377358491;0.337392052
0.3763;0.342520433
0.475475472;0.440086552
0.460037736;0.451723664
0.326413208;0.323903552
0.346556604;0.324325201
0.729564151;0.494459276
0.657271698;0.482876254
0.706475472;0.49352206
0.71770566;0.496114276
0.71680566;0.495792336
0.705198113;0.498508642
0.726116981;0.494025075
0.630001887;0.48336844
0.626541509;0.481987627
0.624588679;0.427640709
0.203666038;0.288415791
0.208033962;0.294297791
0.276577358;0.311389515
0.322509434;0.318792776
0.229088679;0.320289619
0.253437736;0.31333206
0.250043396;0.320294433
0.231681132;0.306615851
0.335675472;0.320895522
0.322524528;0.323008843
0.307771698;0.325643
0.333698113;0.323956634
0.524873585;0.439999246
0.533384906;0.443590522
0.377358491;0.36663759
0.377358491;0.365872709
0.41345283;0.350766687
0.413464151;0.347525261
0.303883019;0.337247201
0.376860377;0.336826209
0.155930189;0.287689142
0.140175472;0.277632545
0.474781132;0.417910448
0.516832075;0.415999194
0.6028;0.425958672
0.617766038;0.439122433
0.36709434;0.366560739
0.360658491;0.366262515
0.36394717;0.321973172
0.377358491;0.321032164
0.617454717;0.503375873
0.68810566;0.51163903
0.205669811;0.288070769
0.20005283;0.288688276
0.384435849;0.389587709
0.434284906;0.388567567
0.193675472;0.305970149
0.20795283;0.305970149
0.420677358;0.380597015
0.434071698;0.380554858
0.405192453;0.412362291
0.412364151;0.413838761
0.632615094;0.458444963
0.624009434;0.446195276
0.568011321;0.420044015
0.568613208;0.420077828
0.504267925;0.444620567
0.549798113;0.441660433
0.645471698;0.464819142
0.633881132;0.44924841
0.300128302;0.334218746
0.290496226;0.320989828
0.293386792;0.324840112
0.296569811;0.323645082
0.399462264;0.325341739
0.388192453;0.324356418
0.187277358;0.305970149
0.188203774;0.305970149
0.149169811;0.304185985
0.126883019;0.304800157
0.391150943;0.380597015
0.421296226;0.380597015
0.248164151;0.291713246
0.212686792;0.309967896
0.625001887;0.477245739
0.614309434;0.482133552
0.559707547;0.431906731
0.549722642;0.430880701
0.229833962;0.298486313
0.262315094;0.310097515
0.6665;0.497657396
0.646501887;0.497157784
0.796207547;0.571847418
0.771803774;0.539068567
0.457060377;0.380742545
0.439622642;0.38749409
0.544145283;0.409631955
0.46220566;0.399314343
0.633430189;0.492952881
0.551886792;0.492751231
0.666286792;0.50245947
0.612535849;0.49975294
0.626922642;0.492313657
0.624133962;0.477024015
0.64179434;0.502393179
0.695549057;0.496246082
0.673258491;0.521114888
0.681488679;0.520902716
0.682524528;0.521621821
0.659960377;0.521899806
0.344537736;0.320895522
0.327126415;0.327248642
0.318275472;0.315534164
0.313367925;0.325245925
0.60250566;0.492541612
0.673639623;0.497734015
0.8161;0.58558594
0.80970566;0.551738687
0.908043396;0.591068134
0.77614717;0.570133731
0.221001887;0.305970149
0.217671698;0.305970149
0.124541509;0.283828724
0.188324528;0.276735201
0.498383019;0.429618015
0.515454717;0.435450493
0.212998113;0.28104097
0.099262264;0.270743321
0.179126415;0.283984687
0.268520755;0.283589776
0.637232075;0.515068739
0.627777358;0.515256067
0.655703774;0.51728703
0.667032075;0.516798836
0.662686792;0.51609097
0.715545283;0.508270075
0.458326415;0.38014097
0.412367925;0.34781691
0.382964151;0.405300627
0.398635849;0.386156455
0.361856604;0.376305575
0.422201887;0.380559955
0.315456604;0.329267246
0.287035849;0.323975112
0.474364151;0.430677127
0.490058491;0.418150575
0.469488679;0.444572784
0.48170566;0.454281463
0.307377358;0.322338843
0.293337736;0.321186567
0.668226415;0.488110597
0.632192453;0.486472493
0.58490566;0.544776119
0.339622642;0.402985075
0.886792453;0.679104478
0.566037736;0.589552239
0.660377358;0.559701493
0.716981132;0.611940299
0.566037736;0.604477612
0.566037736;0.604477612
0.566037736;0.529850746
0.754716981;0.641791045
0.283018868;0.458955224
0.577218868;0.546939425
0.637362264;0.568116881
0.4809;0.514533358
0.462918868;0.476199284
0.865298113;0.670359119
0.696784906;0.620432216
0.609922642;0.590704067
0.612541509;0.605611694
0.610686792;0.575823351
0.648067925;0.550186604
0.708660377;0.610898403
0.821779245;0.613828978
0.566037736;0.604477612
0.800132075;0.670652567
0.577296226;0.546687799
0.579375472;0.584315172
0.566037736;0.579062321
0.479298113;0.467420246
0.752835849;0.615035403
0.739601887;0.619589209
0.308473585;0.44396094
0.37324717;0.503805575
0.581773585;0.544854507
0.581883019;0.545440463
0.416554717;0.467359619
0.406764151;0.445237015
0.875822642;0.678003963
0.848279245;0.636337694
0.566037736;0.590320127
0.566037736;0.600258545
0.610686792;0.575823351
0.647166038;0.575392649
0.708660377;0.610898403
0.71184717;0.611911
0.613992453;0.613467672
0.598066038;0.592264
0.573996226;0.584960784
0.575464151;0.597668336
0.562458491;0.517224716
0.534433962;0.482605343
0.754622642;0.61780959
0.753964151;0.621891231
0.294464151;0.454938291
0.304592453;0.478921761
0.59035283;0.55897
0.577241509;0.54692297
0.63594717;0.570360269
0.594826415;0.562164351
0.521281132;0.53518441
0.539341509;0.529024881
0.471307547;0.483893075
0.477739623;0.477868657
0.861926415;0.670572216
0.869786792;0.678624373
0.630281132;0.60928491
0.630026415;0.608579045
0.780911321;0.605989522
0.683507547;0.591624306
0.566320755;0.591093769
0.689333962;0.607460881
0.598258491;0.560695142
0.589549057;0.571131507
0.62084717;0.548048567
0.624020755;0.551924791
0.797201887;0.611182067
0.662686792;0.597390903
0.805467925;0.614013672
0.614301887;0.608876261
0.595641509;0.605096575
0.584475472;0.592405679
0.704801887;0.652693552
0.790420755;0.642270627
0.606622642;0.553784507
0.60790566;0.560430269
0.770311321;0.586377388
0.71810566;0.592717582
0.595916981;0.593531687
0.604298113;0.584267761
0.421681132;0.482881948
0.478011321;0.47527044
0.741332075;0.613003993
0.621786792;0.595074888
0.798807547;0.618131493
0.577173585;0.60463553
0.316330189;0.462248933
0.367013208;0.455256851
0.474120755;0.489389963
0.394169811;0.489170104
0.583630189;0.544778963
0.58185283;0.54552791
0.325088679;0.45509359
0.326939623;0.437186261
0.884639623;0.679041963
0.874060377;0.673374746
0.566037736;0.59010306
0.566037736;0.597232112
0.632064151;0.557571052
0.646288679;0.575804224
0.716522642;0.611794836
0.653613208;0.611854134
0.566037736;0.604477612
0.589413208;0.593647261
0.708901887;0.613708321
0.735281132;0.607698142
0.564915094;0.529169993
0.566037736;0.573186396
0.754713208;0.620296134
0.754679245;0.62395456
0.297998113;0.459837604
0.28910566;0.452280052
0.605024528;0.548291925
0.581203774;0.547726187
0.635843396;0.56735344
0.607239623;0.566463396
0.513954717;0.524992724
0.474315094;0.507652351
0.466832075;0.477743455
0.464839623;0.476238679
0.866411321;0.676709933
0.866235849;0.678170627
0.662958491;0.612643709
0.774135849;0.632248896
0.697235849;0.592034993
0.647498113;0.590784194
0.566320755;0.591787948
0.575388679;0.605215015
0.609650943;0.567830716
0.608926415;0.57334453
0.637609434;0.548778858
0.632598113;0.550304455
0.693532075;0.610565672
0.742301887;0.60761497
0.800979245;0.613768425
0.653456604;0.611205903
0.577775472;0.59788897
0.57949434;0.593772896
0.828498113;0.672816015
0.791175472;0.660503067
0.579535849;0.546274716
0.593366038;0.553987679
0.612783019;0.585066985
0.60364717;0.587378396
0.585235849;0.586948104
0.590620755;0.581899284
0.43304717;0.476662701
0.470479245;0.456543776
0.753409434;0.616856187
0.787566038;0.617047097
0.787056604;0.618178231
0.751986792;0.615082993
0.320396226;0.444350896
0.373220755;0.452180784
0.319109434;0.487341127
0.362018868;0.487090015
0.636564151;0.546072619
0.581801887;0.544829112
0.592716981;0.552908328
0.598464151;0.546462925
0.429849057;0.470313858
0.412222642;0.459283455
0.444267925;0.451791955
0.461588679;0.453054694
0.82284717;0.674249784
0.877358491;0.67885394
0.739449057;0.634856097
0.788918868;0.628150851
0.569222642;0.598547075
0.5761;0.591326731
0.57399434;0.588785075
0.586245283;0.594539791
0.577241509;0.57695494
0.594598113;0.579626164
0.638186792;0.570018799
0.598341509;0.575853366
0.735922642;0.611757381
0.707360377;0.61049041
0.713945283;0.611927358
0.716092453;0.611914784
0.621367925;0.610086985
0.624790566;0.610406978
0.592766038;0.599798649
0.575086792;0.595566694
0.578318868;0.584841164
0.578815094;0.584526291
0.574413208;0.600307515
0.575739623;0.598454642
0.484416981;0.515019425
0.55254717;0.503142104
0.436037736;0.474053067
0.482418868;0.478117657
0.753786792;0.616126403
0.761081132;0.617446537
0.750056604;0.619870224
0.79309434;0.61535994
0.297711321;0.461070403
0.288850943;0.456786604
0.320960377;0.480547418
0.303107547;0.460016843
0.582298113;0.555981709
0.591054717;0.553849358
0.592713208;0.547188157
0.577283019;0.546847515
0.629020755;0.569755045
0.634966038;0.563691627
0.597407547;0.561097731
0.595215094;0.56077894
0.582132075;0.542055694
0.582149057;0.544406067
0.562292453;0.528050269
0.556554717;0.538579687
0.47465283;0.483160701
0.464928302;0.479480261
0.434884906;0.470183239
0.477956604;0.47456844
0.807041509;0.657920754
0.867243396;0.671740134
0.866392453;0.673093209
0.869192453;0.673378418
0.621011321;0.608962239
0.599028302;0.605657082
0.6301;0.609056425
0.598377358;0.607047776
0.690937736;0.601662418
0.735737736;0.604154112
0.751735849;0.586803784
0.717579245;0.587738881
0.566198113;0.590404358
0.591664151;0.588519328
0.691598113;0.609694918
0.670650943;0.600631448
0.604007547;0.560924784
0.608943396;0.56159909
0.590971698;0.567971119
0.597258491;0.570585448
0.609775472;0.547378522
0.584962264;0.547829784
0.622809434;0.553392836
0.598011321;0.553996552
0.820979245;0.612425761
0.713728302;0.610987269
0.672126415;0.60763856
0.68475283;0.603294373
0.773050943;0.614063679
0.783320755;0.615875888
0.629450943;0.611354739
0.650616981;0.611341067
0.584239623;0.604547701
0.610416981;0.606042619
0.572315094;0.591535
0.586920755;0.592318119
0.752537736;0.642372112
0.741154717;0.649059157
0.70839434;0.641438657
0.777320755;0.652376216
0.592428302;0.552758709
0.587771698;0.551008918
0.607632075;0.560208478
0.607201887;0.559737552
0.657698113;0.589054403
0.638841509;0.588427993
0.666428302;0.59203706
0.729418868;0.592370157
0.590416981;0.592550299
0.571439623;0.598518396
0.600443396;0.588002
0.597901887;0.59055894
0.289624528;0.462972112
0.453324528;0.478962075
0.49604717;0.479672291
0.463650943;0.476006448
0.716926415;0.612251642
0.747716981;0.613791306
0.613175472;0.597625403
0.64090566;0.592807209
0.759743396;0.614255649
0.797284906;0.615455799
0.697264151;0.61026447
0.689649057;0.606997493
0.309575472;0.457054493
0.300788679;0.455808709
0.377715094;0.463740873
0.384671698;0.474506679
0.390815094;0.496869336
0.367454717;0.46319394
0.397662264;0.487473604
0.455679245;0.474590896
0.20754717;0.470149254
0.79245283;1
0.396226415;0.544776119
0.445860377;0.489348597
0.439856604;0.65428194
0.325277358;0.535765896
0.576684906;0.737290179
0.7423;0.940725888
0.557735849;0.701749328
0.341371698;0.540936687
0.338096226;0.491244597
0.604928302;0.708681709
0.304645283;0.470844948
0.25430566;0.492952216
0.645996226;0.737759231
0.664635849;0.827879463
0.389283019;0.544276194
0.284456604;0.495882567
0.431430189;0.492200254
0.430567925;0.529108
0.387981132;0.613471425
0.462173585;0.707199478
0.325983019;0.529550104
0.252620755;0.533920731
0.5265;0.690516918
0.40494717;0.563174813
0.561835849;0.66345406
0.528515094;0.843987776
0.559720755;0.707463649
0.508235849;0.563518933
0.344107547;0.544378022
0.363343396;0.543792306
0.386556604;0.490736664
0.335032075;0.511064642
0.540143396;0.686023418
0.541615094;0.697962769
0.247109434;0.470174463
0.296467925;0.477812373
0.701067925;0.769421403
0.712698113;0.848660784
0.389630189;0.544724284
0.354198113;0.538872858
0.414530189;0.489446142
0.412658491;0.490708642
0.412532075;0.639587918
0.453988679;0.677381649
0.325316981;0.534898082
0.364777358;0.536005209
0.534684906;0.720334754
0.562854717;0.70577453
0.684835849;0.744258351
0.674226415;0.872179799
0.557818868;0.706459604
0.5722;0.70785397
0.343760377;0.543929933
0.360562264;0.543420485
0.359888679;0.491108522
0.318062264;0.492004799
0.580079245;0.704217119
0.591213208;0.708602052
0.302049057;0.473040672
0.40464717;0.475984858
0.286839623;0.491786179
0.345086792;0.492454664
0.605741509;0.731678799
0.640669811;0.737073037
0.663671698;0.762434813
0.636216981;0.843103463
0.366303774;0.544347343
0.364820755;0.541795172
0.327749057;0.492816888
0.303086792;0.495698
0.338662264;0.491336328
0.442958491;0.491202799
0.40554717;0.536732612
0.388011321;0.531472687
0.407913208;0.640342299
0.485864151;0.618390493
0.573913208;0.707342948
0.498477358;0.693035328
0.329037736;0.529915194
0.35629434;0.537093127
0.323103774;0.539308463
0.327384906;0.529702575
0.540028302;0.695116037
0.533869811;0.700782716
0.455377358;0.563288776
0.349173585;0.554308866
0.55860566;0.666129866
0.559488679;0.6743565
0.559464151;0.785837769
0.56814717;0.823067955
0.549083019;0.698352761
0.563269811;0.708552836
0.46174717;0.550571731
0.423613208;0.551340761
0.342135849;0.543507142
0.362109434;0.543798433
0.358726415;0.541339507
0.375807547;0.544137022
0.289441509;0.492775433
0.366413208;0.49280653
0.337564151;0.506536769
0.335884906;0.516909866
0.506;0.704975843
0.487888679;0.688618291
0.518835849;0.701049701
0.54715283;0.705115507
0.223666038;0.470150164
0.245081132;0.471154075
0.627762264;0.862824224
0.648724528;0.909965306
0.395390566;0.544769373
0.392113208;0.544448582
0.441664151;0.489495313
0.441415094;0.491394157
0.502869811;0.661509881
0.4354;0.644914537
0.326986792;0.535951194
0.343124528;0.535853261
0.561281132;0.727736179
0.627269811;0.737706104
0.679001887;0.846229396
0.667315094;0.907756754
0.557739623;0.705631985
0.567996226;0.707783828
0.342541509;0.541706157
0.350764151;0.541575194
0.31504717;0.491389687
0.335622642;0.491944552
0.592754717;0.708124097
0.592164151;0.70849159
0.299637736;0.470775851
0.302807547;0.471454873
0.323077358;0.492438746
0.363003774;0.492448373
0.664118868;0.739063627
0.637007547;0.737748164
0.663166038;0.838935015
0.674671698;0.847519933
0.37759434;0.544325903
0.382403774;0.544172799
0.403079245;0.493448575
0.33550566;0.49573603
0.412773585;0.490851821
0.362449057;0.492289239
0.391641509;0.52933756
0.364360377;0.529179194
0.425588679;0.616710284
0.398896226;0.610061291
0.496477358;0.706984246
0.509245283;0.708104709
0.325850943;0.529721582
0.325411321;0.532842142
0.318616981;0.535652172
0.284726415;0.530410045
0.529501887;0.693302918
0.527771698;0.693116104
0.429569811;0.563212552
0.353818868;0.558992985
0.544749057;0.665031052
0.549420755;0.669879425
0.646854717;0.846534552
0.680050943;0.844903993
0.553941509;0.703592037
0.562192453;0.708481604
0.493320755;0.555021276
0.44430566;0.555606149
0.357077358;0.544231351
0.386384906;0.544277254
0.360771698;0.543705164
0.364466038;0.543986784
0.341;0.490974246
0.377107547;0.490977873
0.308630189;0.507554149
0.334966038;0.505153209
0.521898113;0.69229903
0.512218868;0.686882642
0.552643396;0.700052985
0.5421;0.702735784
0.328566038;0.471891381
0.366184906;0.472222127
0.268922642;0.476675739
0.297611321;0.472431097
0.692964151;0.768043299
0.676915094;0.755910582
0.692888679;0.846059037
0.6976;0.837899493
0.389556604;0.544402776
0.373854717;0.544403828
0.325854717;0.538926806
0.359633962;0.537588664
0.440569811;0.490743604
0.413281132;0.489506933
0.422009434;0.490333634
0.413077358;0.490808343
0.473577358;0.652912209
0.536022642;0.642668903
0.487341509;0.686465209
0.502824528;0.685605425
0.33009434;0.537350149
0.273162264;0.534633799
0.333024528;0.535960873
0.329388679;0.535844157
0.526601887;0.715243701
0.539264151;0.719005052
0.56325283;0.708051067
0.564058491;0.706437187
0.618813208;0.737201694
0.547075472;0.721592396
0.692203774;0.857910037
0.660754717;0.867482627
0.559377358;0.706303813
0.583190566;0.70823591
0.570813208;0.706109746
0.588250943;0.708234843
0.345650943;0.54390856
0.347066038;0.544258955
0.361511321;0.543514358
0.360626415;0.543594821
0.355128302;0.491119582
0.334873585;0.491656672
0.302311321;0.492062545
0.315830189;0.492641052
0.555318868;0.704869328
0.57635283;0.705064261
0.559275472;0.707067254
0.559266038;0.706542261
0.304626415;0.472859321
0.27700566;0.472540575
0.302124528;0.475275433
0.326628302;0.474296201
0.317637736;0.492132985
0.300756604;0.491454687
0.323907547;0.494880351
0.31034717;0.492532858
0.639892453;0.740319918
0.611711321;0.739874343
0.647043396;0.737555328
0.582941509;0.737261119
0.674350943;0.767159918
0.567754717;0.772725246
0.671326415;0.851861873
0.653845283;0.84681847
0.348856604;0.54437553
0.357592453;0.54437006
0.364183019;0.542688343
0.361979245;0.542408157
0.322956604;0.492147037
0.354858491;0.492809866
0.300698113;0.495576963
0.29864717;0.495221552
0.338569811;0.491308552
0.338160377;0.49133153
0.434373585;0.491099134
0.445345283;0.490837045
0.401845283;0.536794843
0.424877358;0.53449047
0.329358491;0.53064097
0.332413208;0.530403127
0.438856604;0.659906403
0.413875472;0.649912694
0.449773585;0.618580619
0.46120566;0.625470396
0.576369811;0.707988813
0.562464151;0.703425619
0.509269811;0.690802097
0.516201887;0.693505313
0.32794717;0.529826433
0.328488679;0.529689567
0.345250943;0.538491127
0.359896226;0.536713776
0.339107547;0.539370493
0.328554717;0.541277672
0.328184906;0.529733306
0.270416981;0.531105716
0.528930189;0.694899187
0.511428302;0.694438754
0.509018868;0.695989239
0.47040566;0.702295597
0.436592453;0.563279545
0.466832075;0.563301388
0.378728302;0.558016403
0.410156604;0.552108575
0.559013208;0.669445978
0.53860566;0.655210246
0.561724528;0.665284388
0.50154717;0.67512344
0.562239623;0.808180493
0.694183019;0.77282956
0.676132075;0.832212537
0.546145283;0.831175896
0.551060377;0.707312828
0.550801887;0.701620187
0.568050943;0.707798985
0.564373585;0.708620082
0.402530189;0.552814828
0.412333962;0.548921313
0.413115094;0.546639545
0.399456604;0.54551206
0.346116981;0.543446396
0.345320755;0.543755119
0.346956604;0.543866657
0.364945283;0.544328231
0.3595;0.54146244
0.332986792;0.539978075
0.369792453;0.544197694
0.365833962;0.54391444
0.316635849;0.49216997
0.332922642;0.491638821
0.333169811;0.492814948
0.295233962;0.492196201
0.337462264;0.51559706
0.336235849;0.510288821
0.336735849;0.509096634
0.335545283;0.515726567
0.517486792;0.701742709
0.532798113;0.701820455
0.522490566;0.68907303
0.491943396;0.689615881
0.563366038;0.707036888
0.5702;0.706636955
0.546132075;0.70407941
0.544973585;0.705019709
0.660377358;0.358208955
0.377358491;0.231343284
0.603773585;0.328358209
0.41509434;0.268656716
0.320754717;0.223880597
0.698113208;0.358208955
0.622641509;0.335820896
0.811320755;0.380597015
0.41509434;0.268656716
0.566037736;0.305970149
0.471698113;0.268656716
0.433962264;0.268656716
0.301886792;0.208955224
0.320754717;0.231343284
0.094339623;0.156716418
0.188679245;0.171641791
0.528301887;0.298507463
0.320754717;0.231343284
0.320754717;0.231343284
0.320754717;0.231343284
0.320754717;0.21641791
0.566037736;0.305970149
0.716981132;0.343283582
0.660377358;0.343283582
0.490566038;0.268656716
0.283018868;0.21641791
0.566037736;0.291044776
0.849056604;0.388059701
0.283018868;0.201492537
0.58490566;0.291044776
0.622641509;0.313432836
0.509433962;0.268656716
0.471698113;0.253731343
0.547169811;0.305970149
0.471698113;0.268656716
0.660377358;0.343283582
0.188679245;0.179104478
0.377358491;0.23880597
0.509433962;0.276119403
0;0.104477612
0.283018868;0.194029851
0.188679245;0.171641791
0.377358491;0.253731343
0.735849057;0.350746269
0.245283019;0.179104478
0.320754717;0.223880597
0.301886792;0.194029851
0.377358491;0.231343284
0.113207547;0.149253731
0.283018868;0.194029851
0.735849057;0.365671642
0.547169811;0.276119403
0.58490566;0.305970149
0.660377358;0.358208955
0.58490566;0.298507463
0.320754717;0.21641791
0.490566038;0.268656716
0.094339623;0.141791045
0.691128302;0.357938545
0.354877358;0.231343284
0.686184906;0.348043201
0.466467925;0.272963433
0.315979245;0.222908888
0.765175472;0.372877022
0.512932075;0.32775809
0.764816981;0.353831254
0.464784906;0.268656716
0.569115094;0.305970149
0.468577358;0.268656716
0.364096226;0.267187739
0.308807547;0.217365336
0.293215094;0.218108291
0.150630189;0.178387597
0.188679245;0.174162097
0.530681132;0.292356015
0.338101887;0.231343284
0.320754717;0.231343284
0.320754717;0.231343284
0.346209434;0.222415627
0.570549057;0.299325649
0.694766038;0.349500216
0.677549057;0.343283582
0.489592453;0.268656716
0.296381132;0.21434494
0.507432075;0.275757254
0.719541509;0.378004157
0.283018868;0.204488112
0.575118868;0.290516448
0.619711321;0.308013485
0.489737736;0.268656716
0.423713208;0.243303149
0.576069811;0.32260294
0.486926415;0.268656716
0.673484906;0.34387753
0.28244717;0.192597179
0.513024528;0.251857485
0.495388679;0.272244507
0.191109434;0.118898657
0.290267925;0.194029851
0.261503774;0.174171664
0.421664151;0.255176037
0.770988679;0.370712709
0.271498113;0.181497231
0.320754717;0.227833022
0.313898113;0.210321851
0.353577358;0.231343284
0.190043396;0.161405381
0.283018868;0.194029851
0.699001887;0.363200209
0.391501887;0.258519649
0.570043396;0.305970149
0.768360377;0.366707291
0.58490566;0.302574612
0.367324528;0.219344276
0.541820755;0.281341597
0.109156604;0.188502828
0.679358491;0.360349127
0.663754717;0.358068672
0.331869811;0.231343284
0.359188679;0.231343284
0.643484906;0.330321791
0.43265283;0.268656716
0.31159434;0.221293634
0.314088679;0.222177985
0.692043396;0.354647754
0.683909434;0.35633056
0.600435849;0.27335306
0.794209434;0.375012231
0.780537736;0.377304881
0.415522642;0.268656716
0.504316981;0.275732567
0.566715094;0.304691978
0.485956604;0.270945537
0.419709434;0.267259007
0.426375472;0.268356321
0.304224528;0.21596756
0.304445283;0.216911119
0.320754717;0.231343284
0.11114717;0.180476463
0.209639623;0.178147716
0.1976;0.179191381
0.528645283;0.295182388
0.554416981;0.297614627
0.320754717;0.231343284
0.320754717;0.231343284
0.320754717;0.231343284
0.320754717;0.231343284
0.320754717;0.231343284
0.363218868;0.230647075
0.458641509;0.245726709
0.570028302;0.301601515
0.556666038;0.305970149
0.699326415;0.343283582
0.674207547;0.343834336
0.660377358;0.343283582
0.687273585;0.345191276
0.472039623;0.26908341
0.291881132;0.216540836
0.303773585;0.217222881
0.574522642;0.290723291
0.571592453;0.290787552
0.77344717;0.358998716
0.84164717;0.384510896
0.293045283;0.206131687
0.582316981;0.293806261
0.576277358;0.293284209
0.622418868;0.306655866
0.494454717;0.268656716
0.426441509;0.268656716
0.471698113;0.263014955
0.595988679;0.321231679
0.558396226;0.306108739
0.4532;0.268656716
0.693358491;0.343283582
0.247101887;0.196745828
0.381290566;0.258029709
0.368888679;0.225141627
0.486732075;0.271520269
0.011973585;0.12330956
0.091624528;0.122212776
0.289624528;0.194029851
0.203858491;0.183564425
0.188679245;0.178189157
0.372667925;0.26057403
0.765620755;0.351481515
0.760798113;0.358830343
0.227945283;0.173220687
0.315328302;0.215772843
0.366137736;0.212235739
0.299837736;0.194029851
0.373530189;0.222529052
0.329869811;0.231161246
0.109937736;0.164955448
0.130032075;0.158712142
0.283018868;0.194029851
0.733567925;0.364610821
0.529016981;0.275526261
0.583239623;0.305970149
0.575950943;0.305970149
0.668111321;0.344748351
0.685975472;0.351827642
0.578396226;0.296430567
0.578818868;0.305893948
0.320754717;0.226790299
0.489783019;0.268656716
0.161543396;0.136262119
0.695939623;0.358450731
0.693662264;0.359009828
0.352060377;0.231343284
0.323418868;0.231343284
0.66579434;0.349029948
0.464530189;0.271635754
0.461571698;0.269046269
0.317260377;0.223741813
0.767567925;0.370400119
0.544001887;0.357722731
0.545835849;0.312793896
0.6746;0.345642724
0.753632075;0.34498594
0.495232075;0.268656716
0.572586792;0.305970149
0.504588679;0.271427194
0.429383019;0.268656716
0.433443396;0.267800164
0.284743396;0.216857478
0.316507547;0.223195045
0.302281132;0.222873194
0.306709434;0.227339239
0.185241509;0.174189836
0.223473585;0.178022933
0.155324528;0.174755433
0.528677358;0.298485537
0.528616981;0.294248597
0.334709434;0.231343284
0.320754717;0.231343284
0.320754717;0.231343284
0.320754717;0.231343284
0.356120755;0.225689209
0.435581132;0.24487597
0.581833962;0.302011291
0.702967925;0.343913164
0.689450943;0.345538403
0.468016981;0.268656716
0.295867925;0.214730701
0.302503774;0.216416254
0.491349057;0.269722821
0.502432075;0.273794276
0.725877358;0.376337306
0.305324528;0.210002739
0.283018868;0.20244003
0.572788679;0.290889328
0.551630189;0.296004612
0.614388679;0.306817112
0.498590566;0.268656716
0.459675472;0.268656716
0.394664151;0.240074634
0.615749057;0.323351097
0.599633962;0.326079769
0.476445283;0.268656716
0.687135849;0.345530067
0.28290566;0.197193597
0.407590566;0.253031239
0.474686792;0.269354993
0.496873585;0.274836709
0.074356604;0.109108985
0.128428302;0.125538201
0.314213208;0.19449959
0.263426415;0.19498003
0.425683019;0.257471888
0.800115094;0.378763448
0.246726415;0.176353597
0.320754717;0.228173993
0.309284906;0.207005739
0.318269811;0.210399888
0.353843396;0.231343284
0.219856604;0.168776119
0.174203774;0.185493978
0.283018868;0.194029851
0.283366038;0.194029851
0.610671698;0.35873309
0.369849057;0.262294351
0.377641509;0.259781552
0.567979245;0.305970149
0.732577358;0.376842575
0.706507547;0.363104694
0.58490566;0.30111359
0.324983019;0.21828544
0.52829434;0.274752716
0.519307547;0.275900836
0.171771698;0.191992149
0.622641509;0.379104478
0.509433962;0.305970149
0.905660377;0.470149254
0.490566038;0.320895522
0.377358491;0.305970149
0.245283019;0.21641791
0.641509434;0.380597015
0.094339623;0.194029851
0.566037736;0.365671642
0.150943396;0.194029851
0.660377358;0.380597015
0.377358491;0.305970149
0.471698113;0.343283582
0.471698113;0.305970149
0.660377358;0.388059701
0.471698113;0.328358209
0.471698113;0.291044776
0.471698113;0.343283582
0.339622642;0.276119403
0.79245283;0.417910448
0.58490566;0.380597015
0.471698113;0.291044776
0.452830189;0.335820896
0.358490566;0.291044776
0.377358491;0.305970149
0.603773585;0.343283582
0.377358491;0.305970149
0.339622642;0.28358209
0.509433962;0.320895522
0.056603774;0.156716418
0.094339623;0.179104478
0.509433962;0.320895522
0.433962264;0.305970149
0.433962264;0.28358209
0.754716981;0.447761194
0.377358491;0.268656716
0.41509434;0.291044776
0.641509434;0.380597015
0.566037736;0.343283582
0.471698113;0.305970149
0.471698113;0.291044776
0.660377358;0.432835821
0.509433962;0.328358209
0.433962264;0.328358209
0.245283019;0.26119403
0.660377358;0.395522388
0.471698113;0.328358209
0.471698113;0.291044776
0.716981132;0.447761194
0.547169811;0.350746269
0.566037736;0.343283582
0.603773585;0.358208955
0.754716981;0.402985075
0.509433962;0.365671642
0.169811321;0.23880597
0.377358491;0.305970149
0.566037736;0.335820896
0.471698113;0.350746269
0.610879245;0.375244925
0.574773585;0.373643485
0.423258491;0.305970149
0.509433962;0.31011847
0.874039623;0.466283985
0.543366038;0.324799351
0.478656604;0.322447597
0.502467925;0.305970149
0.377358491;0.305970149
0.242566038;0.197930925
0.624237736;0.348416052
0.704090566;0.392763112
0.141950943;0.1956735
0.059777358;0.166969164
0.601090566;0.364203813
0.226184906;0.229427784
0.222996226;0.215701664
0.646277358;0.380555336
0.651530189;0.379617791
0.471769811;0.305970149
0.412545283;0.309390619
0.471698113;0.340951896
0.497783019;0.33546991
0.471698113;0.291462448
0.727133962;0.38850444
0.471698113;0.311652306
0.471698113;0.291044776
0.471698113;0.329843537
0.39599434;0.285616806
0.730081132;0.42681091
0.697384906;0.403629993
0.505235849;0.345616709
0.645032075;0.380597015
0.471698113;0.311564604
0.436;0.332597276
0.39765283;0.295334224
0.60239434;0.309636858
0.59469434;0.343283582
0.377358491;0.305970149
0.386333962;0.305970149
0.37314717;0.29974109
0.455288679;0.309992537
0.156409434;0.194267754
0.217524528;0.192900201
0.094339623;0.183972612
0.10774717;0.192642604
0.47309434;0.31584306
0.500222642;0.318289388
0.464949057;0.298268052
0.383184906;0.305970149
0.437437736;0.286764664
0.381513208;0.284576269
0.752232075;0.447761194
0.72769434;0.425511269
0.207601887;0.244239321
0.322732075;0.247058627
0.47070566;0.291044776
0.5576;0.321871104
0.510149057;0.343283582
0.582616981;0.343660881
0.480958491;0.316300179
0.455324528;0.287773149
0.634509434;0.419980537
0.482296226;0.328484836
0.534790566;0.341446493
0.474333962;0.328358209
0.330633962;0.264428075
0.179615094;0.249760164
0.741833962;0.400712761
0.482666038;0.320984791
0.479511321;0.296947284
0.483173585;0.291593493
0.741401887;0.408940709
0.813192453;0.452416254
0.522215094;0.327266784
0.532;0.338176179
0.568449057;0.357937522
0.623486792;0.368895179
0.754716981;0.439704104
0.632530189;0.365951343
0.507254717;0.353133485
0.151411321;0.222768433
0.405522642;0.308851328
0.421383019;0.285117052
0.519975472;0.324479209
0.535613208;0.357801343
0.426326415;0.303494925
0.634411321;0.379123075
0.506667925;0.305970149
0.885930189;0.466750664
0.486062264;0.325275321
0.39319434;0.305970149
0.163809434;0.200840955
0.670677358;0.38163194
0.133977358;0.20957553
0.5561;0.360297687
0.149477358;0.195077672
0.659890566;0.380460299
0.436441509;0.306247776
0.484739623;0.348833784
0.40284717;0.305970149
0.570311321;0.366388522
0.538383019;0.330878515
0.471698113;0.291044776
0.471698113;0.331448299
0.346781132;0.289989045
0.767469811;0.424530269
0.611943396;0.380597015
0.471698113;0.291044776
0.508507547;0.338929216
0.392833962;0.291044776
0.390983019;0.313382187
0.496883019;0.341210612
0.428637736;0.308802799
0.430283019;0.285258015
0.505135849;0.320372463
0.068837736;0.157596963
0.100715094;0.189122828
0.507511321;0.318432463
0.449724528;0.300588776
0.407183019;0.284320694
0.732907547;0.433054097
0.383832075;0.269331634
0.471354717;0.291044776
0.505843396;0.370155806
0.530922642;0.336305037
0.471069811;0.303566642
0.46910566;0.295800799
0.705216981;0.432427328
0.488192453;0.328370463
0.410318868;0.313383381
0.260654717;0.260740806
0.726460377;0.398271336
0.488301887;0.332239649
0.435832075;0.304126239
0.726926415;0.437225821
0.552488679;0.354963791
0.549418868;0.341592157
0.584379245;0.351347015
0.680407547;0.401942194
0.590756604;0.36964203
0.176109434;0.244775985
0.380777358;0.30177553
0.533003774;0.33998356
0.483677358;0.348662597
0.623922642;0.37811497
0.582428302;0.378161552
0.480326415;0.305970149
0.502915094;0.3060135
0.856286792;0.453824201
0.551958491;0.331275993
0.561771698;0.330702664
0.503843396;0.305970149
0.377358491;0.305970149
0.241360377;0.196217754
0.55859434;0.330464418
0.738020755;0.394015694
0.128298113;0.191763045
0.0628;0.178315545
0.582966038;0.364637545
0.212139623;0.234647575
0.183143396;0.212487179
0.646103774;0.38058753
0.631235849;0.379378299
0.47210566;0.309504381
0.419058491;0.312983082
0.471698113;0.342159321
0.511977358;0.335721746
0.471698113;0.291107373
0.666281132;0.388449366
0.471735849;0.309107716
0.471698113;0.291353269
0.497356604;0.330490694
0.401373585;0.287113463
0.730941509;0.425015127
0.675981132;0.390770843
0.499071698;0.344306813
0.648020755;0.379919843
0.472639623;0.314243276
0.462258491;0.339189724
0.450775472;0.294287254
0.421498113;0.308957507
0.602828302;0.343283582
0.377358491;0.305970149
0.401262264;0.304951836
0.431339623;0.304845164
0.461175472;0.308293082
0.104598113;0.185761724
0.104503774;0.184441933
0.078190566;0.17365606
0.112090566;0.192932485
0.443481132;0.313597903
0.515230189;0.323421373
0.465950943;0.292209216
0.42659434;0.299102522
0.435888679;0.286508799
0.385032075;0.30371103
0.737184906;0.4422345
0.728315094;0.43594341
0.201488679;0.244687918
0.26245283;0.251594112
0.472881132;0.29140453
0.55459434;0.341262664
0.552177358;0.343283582
0.574416981;0.343305104
0.508192453;0.311871739
0.438213208;0.286803567
0.660192453;0.421042299
0.489486792;0.328462933
0.570671698;0.341669821
0.445183019;0.330789552
0.283016981;0.257566216
0.188779245;0.253371642
0.713381132;0.39175909
0.496943396;0.321533948
0.435403774;0.303145246
0.482233962;0.291236007
0.739343396;0.407569
0.726388679;0.448384164
0.518564151;0.322957836
0.443635849;0.335723097
0.566220755;0.35352344
0.581058491;0.364970291
0.752764151;0.447106425
0.639986792;0.37607156
0.503164151;0.345233873
0.188909434;0.230866216
0.402222642;0.306978858
0.432639623;0.286234455
0.526749057;0.324830149
0.507835849;0.354215246
0.447784906;0.309059679
